Token Mint,Total Wallets,Total Balance,Average Transaction Count
EPjFWdd5AufqSSqeM2qN1xzybapC8G4wEGGkZwyTDt1v,42,12917001.394782,2.93
Es9vMFrzaCERmJfrF4H2FYD4KCoNkY11McCe8BenwNYB,53,4956898.258762,2.55
So11111111111111111111111111111111111111112,35,48852.131138,2.71
DezXAZ8z7PnrnRJjz3wXBoRgixCa6xjnB7YaB1pPB263,32,54353817860.848839,2.50
mSoLzYCxHdYgdzU16g5QSh3i5K3z3KZK7ytfqcJm7So,40,16483.494323,3.30
